Algorithm, Benchmark, IPC, Accuracy, MPKI
bimodal, gcc, 2.18893, 0.995865, 0.8116
bimodal, perl, 1.9339, 0.971272, 3.97542
gshare, gcc, 2.20866, 0.996729, 0.6419
gshare, perl, 1.95874, 0.970698, 4.05482
hp, gcc, 2.22541, 0.997362, 0.51766
hp, perl, 2.02928, 0.977213, 3.15328
perceptron, gcc, 2.21491, 0.996879, 0.61248
perceptron, perl, 2.00043, 0.975622, 3.3734